INSERT INTO "PAYMENT" VALUES
('CC', 'Credit Card'),
('Cash', 'Cash'),
('Point', 'Point'),
('PP', 'Prompt Pay');

INSERT INTO "PRODUCT" VALUES
('EH', 'Espresso Hot', '35'),
('EI', 'Espresso Ice', '55'),
('EF', 'Espresso Frappe', '60'),
('AH', 'Americano Hot', '45'),
('AI', 'Americano Ice', '65'),
('AF', 'Americano Frappe', '70'),
('CH', 'Cappuccino Hot', '45'),
('CI', 'Cappuccino', '60'),
('CF', 'Cappuccino', '65'),
('LH', 'Latte Hot', '50'),
('LI', 'Latte Ice', '65'),
('LF', 'Latte Frappe', '70'),
('MH', 'Mocha Hot', '50'),
('MI', 'Mocha Ice', '65'),
('MF', 'Mocha Frappe', '70');

INSERT INTO "MEMBER" VALUES
('1EPuRcKgtl ', 'Michaela', 'Tyson', '0894521801', 'michaela801@gmail.com'),
('Dnbi31xvus ', 'Franklin', 'Steed', '0642153748', 'steedf748@gmail.com'),
('143556789', 'James', 'Haberkorn', '0845586845', 'jamesHBK845@gmail.com'),
('432435789', 'Sidney', 'Gardener', '0895844892', 'Sidney4892@gmail.com'),
('028603289', 'Alica', 'Mathers', '0642512355', 'yippeealice2355@gmail.com'),
('pov627210', 'Corrine', 'Buckley', '0897193246', 'corrine801@gmail.com'),
('cek317630', 'Barbie', 'Baker', '0642560030', 'barbiesbake48@gmail.com'),
('xecek3176', 'Holden', 'Berries', '0848627203', 'goodberrires@gmail.com'),
('on55o6801', 'Sharon', 'North', '0898126773', 'nothernsalon4892@gmail.com'),
('feta49335', 'Alica', 'Lewin', '0642678080', 'alicelew2355@gmail.com');

INSERT INTO "SHOP" VALUES
('SH01', 'Houston'),
('SB01', 'Bellaire'),
('SS01', 'Stafford');

INSERT INTO "SALES_PERSON" VALUES
('SH01946826', 'Senta Gully'),
('SH01671507', 'Coby Hunter'),
('SH01963672', 'Journee Paul'),
('SB01855321', 'Burchard Jakeman'),
('SB01668936', 'Meinrad Fulk'),
('SB01088452', 'Carlyn Clive'),
('SS01455555', 'Seraphina Welter'),
('SS01744777', 'Ekkehardt Patrick'),
('SS01856212', 'Pamella Hunter');

INSERT INTO "WORKS_ON" VALUES
('SH01', 'SH01946826'),
('SH01', 'SH01671507'),
('SH01', 'SH01963672'),
('SB01', 'SB01855321'),
('SB01', 'SB01668936'),
('SB01', 'SB01088452'),
('SS01', 'SS01455555'),
('SS01', 'SS01744777'),
('SS01', 'SS01856212');

INSERT INTO "MEMBER_CARD" VALUES
('1EPuRcKgtl', '2019-06-12', '2022-06-11'),
('Dnbi31xvus', '2020-02-20', '2023-02-19'),
('143556789', '2020-08-20', '2023-08-19'),
('432435789', '2019-04-01', '2022-04-18'),
('028603289', '2019-11-19', '2022-11-18'),
('pov627210', '2020-01-11', '2023-01-10'),
('cek317630', '2019-11-30', '2022-11-29'),
('xecek3176', '2019-01-15', '2022-01-04'),
('on55o6801', '2019-12-14', '2022-12-13'),
('feta49335', '2020-10-10', '2023-10-09');
